sampledate,dwc_month,dwc_year,stationcode,Waterbody,Station_species,projectcode,projectname,protocolcode,protocolname,eventcode,sampleagency,samplecomments,locationcode,SampleTypeCode,collectiontime,collectionmethodcode,replicate,dwc_databasesource,targetlatitude,targetlongitude,datum,samplecomplete,region,collectiondevicedescr,tissource,tissuecollectioncomments,organismid,commonname,finalid,lifestagecode,totalcount,tagnumber,partcreated,tissueid,tissuename,preppreservationname,tissueweight,unittissueweight,partscomments,compositeid,compositereplicate,compositetype,compositeweight,unitcompositeweight,agencycode,Org_types,compositecomments,MatrixName,MethodName,AnalyteCode,AnalyteName,FractionName,UnitName,DWC_AnalyteWFractionWMatrixWUnit,LabBatch,AnalysisDate,LabSampleID,Unique_Sample_ID,PrepPreservationDate,DigestExtractMethod,DigestExtractDate,LabReplicate,Result_ww_ppb,Result,DWC_Result_Numeric,ResQualCode,ResQualName,MDL,RL,DilutionFactor,QACode,DWC_QADescr_Expanded,ComplianceCode,ComplianceName,ExpectedValue,TissueResultComments,ResultComplete,ExportData,ForkLength,TotalLength,UnitLengthFish,LengthSource,OrganismWeight,UnitWeightFish,WeightSource,SizeDescr,Age,Sex
5/16/2022,5,2022,908CHLLAS,Chollas Reservoir,Chollas Reservoir_Largemouth Bass,SWB_Realign_RWB9_2022,Statewide BMP Realignment RWB9 Study 2022,BMP_Realign_RWB9_21,SWAMP BMP Realignment San Diego Region Study_2021,TI,MPSL-DFW,FHAB also collected,Location1Shock1,Composite,13:20,Shock,1,Perm,32.73689,-117.06286,WGS84,FALSE,,Smith & Root Electric Shock Boat (SR14S),NA,shocked entire lake,908CHLLASRLN22LMB01-06,Largemouth Bass,Micropterus salmoides,NR,1,C2070,TRUE,RLN22_C2070_C,whole organism,"Skin on, Scales On",99,g,,C1_908CHLLASRLN22LMB,1,normal,600,g,MPSL-DFW,Fish,"5 fish; 65.65g Arc1, 57.95g Arc2(PFAs), 57.95g Arc3",tissue,EPA 200.8M,90,Selenium,Total,ug/g ww,Selenium; Total; tissue; ug/g ww,MPSL-DFW_2022Dig48_T_AsSe,10/5/2022,C122CHSLMB,C122CHSLMB_1,5/16/2022,EPA 3052M,9/15/2022,1,560,0.56,0.56,DNQ,Detected Not Quantifiable,0.21,0.62,1,None,None: None - No QA Qualifier,COM,Compliant,,,FALSE,TRUE,325,340,mm,Field,505,g,Field,0,9,LAB
5/16/2022,5,2022,908CHLLAS,Chollas Reservoir,Chollas Reservoir_Redear Sunfish,SWB_Realign_RWB9_2022,Statewide BMP Realignment RWB9 Study 2022,BMP_Realign_RWB9_21,SWAMP BMP Realignment San Diego Region Study_2021,TI,MPSL-DFW,FHAB also collected,Location1Shock1,Composite,13:20,Shock,1,Perm,32.73689,-117.06286,WGS84,FALSE,,Smith & Root Electric Shock Boat (SR14S),NA,shocked entire lake,908CHLLASRLN22RES01-01,Redear Sunfish,Lepomis microlophus,NR,1,C2089,TRUE,RLN22_C2089_C,whole organism,"Skin on, Scales On",62.12,g,,C1_908CHLLASRLN22RES,1,normal,343.56,g,MPSL-DFW,Fish,"5 fish; 54.33g Arc1, 55.70g Arc2(PFAs), 46.27g Arc3",tissue,EPA 200.8M,90,Selenium,Total,ug/g ww,Selenium; Total; tissue; ug/g ww,MPSL-DFW_2022Dig48_T_AsSe,10/5/2022,C122CHSRES,C122CHSRES_1,5/16/2022,EPA 3052M,9/15/2022,1,490,0.49,0.49,DNQ,Detected Not Quantifiable,0.21,0.62,1,None,None: None - No QA Qualifier,COM,Compliant,,,FALSE,TRUE,141,150,mm,Field,0,g,Lab,0,#N/A,LAB
5/16/2022,5,2022,908CHLLAS,Chollas Reservoir,Chollas Reservoir_Bluegill,SWB_Realign_RWB9_2022,Statewide BMP Realignment RWB9 Study 2022,BMP_Realign_RWB9_21,SWAMP BMP Realignment San Diego Region Study_2021,TI,MPSL-DFW,FHAB also collected,Location1Shock1,Composite,13:20,Shock,1,Perm,32.73689,-117.06286,WGS84,FALSE,,Smith & Root Electric Shock Boat (SR14S),NA,shocked entire lake,908CHLLASRLN22BGL01-01,Bluegill,Lepomis macrochirus,NR,1,C2084,TRUE,RLN22_C2084_C,whole organism,"Skin on, Scales On",115,g,,C1_908CHLLASRLN22BGL,1,normal,575,g,MPSL-DFW,Fish,"5 fish;58.59g Arc1, 63.66g Arc2({Fas), 66.41g Arc3",tissue,EPA 200.8M,90,Selenium,Total,ug/g ww,Selenium; Total; tissue; ug/g ww,MPSL-DFW_2022Dig48_T_AsSe,10/5/2022,C122CHSBGL,C122CHSBGL_1,5/16/2022,EPA 3052M,9/15/2022,1,400,0.4,0.4,DNQ,Detected Not Quantifiable,0.21,0.62,1,None,None: None - No QA Qualifier,COM,Compliant,,,FALSE,TRUE,165,175,mm,Field,115,g,Field,0,#N/A,LAB
5/17/2022,5,2022,907CUYRES,Cuyamaca Reservoir,Cuyamaca Reservoir_Bluegill,SWB_Realign_RWB9_2022,Statewide BMP Realignment RWB9 Study 2022,BMP_Realign_RWB9_21,SWAMP BMP Realignment San Diego Region Study_2021,TI,MPSL-DFW,FHAB collected,Location1Shock1,Composite,9:00,Shock,1,Perm,32.988634,-116.582258,WGS84,FALSE,9,Smith & Root Electric Shock Boat (SR14S),NA,shocked entire lake,907CUYRESRLN22BGL01-01,Bluegill,Lepomis macrochirus,NR,1,C2118,TRUE,RLN22_C2118_C,whole organism,"Skin on, Scales On",25.27,g,,C1_907CUYRESRLN22BGL,1,normal,248,g,MPSL-DFW,Fish,"5 fish; 49.23g Arc1, 66.37g Arc2(PFAs), 55.92g Arc3",tissue,EPA 200.8M,90,Selenium,Total,ug/g ww,Selenium; Total; tissue; ug/g ww,MPSL-DFW_2022Dig48_T_AsSe,10/5/2022,C122CUYBGL,C122CUYBGL_1,5/17/2022,EPA 3052M,9/15/2022,1,430,0.43,0.43,DNQ,Detected Not Quantifiable,0.21,0.62,1,None,None: None - No QA Qualifier,COM,Compliant,,,FALSE,TRUE,95,100,mm,Field,0,g,Lab,0,#N/A,LAB
5/17/2022,5,2022,907CUYRES,Cuyamaca Reservoir,Cuyamaca Reservoir_Green Sunfish,SWB_Realign_RWB9_2022,Statewide BMP Realignment RWB9 Study 2022,BMP_Realign_RWB9_21,SWAMP BMP Realignment San Diego Region Study_2021,TI,MPSL-DFW,FHAB collected,Location1Shock1,Composite,9:00,Shock,1,Perm,32.988634,-116.582258,WGS84,FALSE,9,Smith & Root Electric Shock Boat (SR14S),NA,shocked entire lake,907CUYRESRLN22GRS01-01,Green Sunfish,Lepomis cyanellus,NR,1,,TRUE,RLN22_GRS01-01,whole organism,"Skin on, Scales On",8.9,g,,P1_907CUYRESRLN22GRS,1,normal,51,g,MPSL-DFW,Fish,10 fish; 25.16g Arc1,tissue,EPA 200.8M,90,Selenium,Total,ug/g ww,Selenium; Total; tissue; ug/g ww,MPSL-DFW_2022Dig48_T_AsSe,10/5/2022,P122CUYGRS,P122CUYGRS_1,5/17/2022,EPA 3052M,9/15/2022,1,400,0.4,0.4,DNQ,Detected Not Quantifiable,0.21,0.62,1,None,None: None - No QA Qualifier,COM,Compliant,,,FALSE,TRUE,77,79,mm,Field,8.9,g,Field,0,#N/A,NR
5/17/2022,5,2022,907CUYRES,Cuyamaca Reservoir,Cuyamaca Reservoir_Largemouth Bass,SWB_Realign_RWB9_2022,Statewide BMP Realignment RWB9 Study 2022,BMP_Realign_RWB9_21,SWAMP BMP Realignment San Diego Region Study_2021,TI,MPSL-DFW,FHAB collected,Location1Shock1,Composite,9:00,Shock,1,Perm,32.988634,-116.582258,WGS84,FALSE,9,Smith & Root Electric Shock Boat (SR14S),NA,shocked entire lake,907CUYRESRLN22LMB01-05,Largemouth Bass,Micropterus salmoides,NR,1,C2103,TRUE,RLN22_C2103_C,whole organism,"Skin on, Scales On",80.61,g,,C1_907CUYRESRLN22LMB,1,normal,299.99,g,MPSL-DFW,Fish,"4 fish; 70.85g Arc1, 59.59g Arc2(PFAS), 63.58g Arc3",tissue,EPA 200.8M,90,Selenium,Total,ug/g ww,Selenium; Total; tissue; ug/g ww,MPSL-DFW_2022Dig48_T_AsSe,10/5/2022,C122CUYLMB,C122CUYLMB_1,5/17/2022,EPA 3052M,9/15/2022,1,380,0.38,0.38,DNQ,Detected Not Quantifiable,0.21,0.62,1,None,None: None - No QA Qualifier,COM,Compliant,,,FALSE,TRUE,372,390,mm,Field,915,g,Field,0,13,LAB
5/17/2022,5,2022,907CUYRES,Cuyamaca Reservoir,Cuyamaca Reservoir_Black Crappie,SWB_Realign_RWB9_2022,Statewide BMP Realignment RWB9 Study 2022,BMP_Realign_RWB9_21,SWAMP BMP Realignment San Diego Region Study_2021,TI,MPSL-DFW,FHAB collected,Location1Shock1,Composite,9:00,Shock,1,Perm,32.988634,-116.582258,WGS84,FALSE,9,Smith & Root Electric Shock Boat (SR14S),NA,shocked entire lake,907CUYRESRLN22BCR01-01,Black Crappie,Pomoxis nigromaculatus,NR,1,C2123,TRUE,RLN22_C2123_C,whole organism,"Skin on, Scales On",150,g,,C1_907CUYRESRLN22BCR,1,normal,1075,g,MPSL-DFW,Fish,"5 fish; 67.89g Arc1, 70.66g Arc2(PFAS), 72.95g Arc3",tissue,EPA 200.8M,90,Selenium,Total,ug/g ww,Selenium; Total; tissue; ug/g ww,MPSL-DFW_2022Dig48_T_AsSe,10/5/2022,C122CUYBCR,C122CUYBCR_1,5/17/2022,EPA 3052M,9/15/2022,1,370,0.37,0.37,DNQ,Detected Not Quantifiable,0.21,0.62,1,None,None: None - No QA Qualifier,COM,Compliant,,,FALSE,TRUE,210,218,mm,Field,150,g,Field,0,#N/A,LAB
5/17/2022,5,2022,907CUYRES,Cuyamaca Reservoir,Cuyamaca Reservoir_Bluegill,SWB_Realign_RWB9_2022,Statewide BMP Realignment RWB9 Study 2022,BMP_Realign_RWB9_21,SWAMP BMP Realignment San Diego Region Study_2021,TI,MPSL-DFW,FHAB collected,Location1Shock1,Composite,9:00,Shock,1,Perm,32.988634,-116.582258,WGS84,FALSE,9,Smith & Root Electric Shock Boat (SR14S),NA,shocked entire lake,907CUYRESRLN22BGL02-01,Bluegill,Lepomis macrochirus,NR,1,,TRUE,RLN22_BGL02-01,whole organism,"Skin on, Scales On",1.1,g,,P1_907CUYRESRLN22BGL,1,normal,35.9,g,MPSL-DFW,Fish,10 fish; 11.73g Arc1,tissue,EPA 200.8M,90,Selenium,Total,ug/g ww,Selenium; Total; tissue; ug/g ww,MPSL-DFW_2022Dig48_T_AsSe,10/5/2022,P122CUYBGL,P122CUYBGL_1,5/17/2022,EPA 3052M,9/15/2022,1,370,0.37,0.37,DNQ,Detected Not Quantifiable,0.21,0.62,1,None,None: None - No QA Qualifier,COM,Compliant,,,FALSE,TRUE,41,43,mm,Field,1.1,g,Field,0,#N/A,NR
5/17/2022,5,2022,907CUYRES,Cuyamaca Reservoir,Cuyamaca Reservoir_Common Carp Fillet (Skin Off),SWB_Realign_RWB9_2022,Statewide BMP Realignment RWB9 Study 2022,BMP_Realign_RWB9_21,SWAMP BMP Realignment San Diego Region Study_2021,TI,MPSL-DFW,FHAB collected,Location1Shock1,Composite,9:00,Shock,1,Perm,32.988634,-116.582258,WGS84,FALSE,9,Smith & Root Electric Shock Boat (SR14S),NA,shocked entire lake,907CUYRESRLN22CAR01-01,Common Carp Fillet (Skin Off),Cyprinus carpio,NR,1,C2133,TRUE,RLN22_C2133_C,fillet,Skin off,43.09,g,,C1_907CUYRESRLN22CAR,1,normal,215.45,g,MPSL-DFW,Fish,"5 fish; 63.54g Arc1, 65.58g Arc2(PFAS), 41.96g Arc 3",tissue,EPA 200.8M,90,Selenium,Total,ug/g ww,Selenium; Total; tissue; ug/g ww,MPSL-DFW_2022Dig48_T_AsSe,10/5/2022,C122CUYCAR,C122CUYCAR_1,5/17/2022,EPA 3052M,9/15/2022,1,290,0.29,0.29,DNQ,Detected Not Quantifiable,0.21,0.62,1,None,None: None - No QA Qualifier,COM,Compliant,,,FALSE,TRUE,408,455,mm,Field,1490,g,Field,0,#N/A,M
5/17/2022,5,2022,907CUYRES,Cuyamaca Reservoir,Cuyamaca Reservoir_Common Carp Fillet (Skin Off),SWB_Realign_RWB9_2022,Statewide BMP Realignment RWB9 Study 2022,BMP_Realign_RWB9_21,SWAMP BMP Realignment San Diego Region Study_2021,TI,MPSL-DFW,FHAB collected,Location1Shock1,Composite,9:00,Shock,1,Perm,32.988634,-116.582258,WGS84,FALSE,9,Smith & Root Electric Shock Boat (SR14S),NA,shocked entire lake,907CUYRESRLN22CAR01-01,Common Carp Fillet (Skin Off),Cyprinus carpio,NR,1,C2133,TRUE,RLN22_C2133_C,fillet,Skin off,43.09,g,,C1_907CUYRESRLN22CAR,1,normal,215.45,g,MPSL-DFW,Fish,"5 fish; 63.54g Arc1, 65.58g Arc2(PFAS), 41.96g Arc 3",tissue,EPA 200.8M,90,Selenium,Total,ug/g ww,Selenium; Total; tissue; ug/g ww,MPSL-DFW_2022Dig48_T_AsSe,10/5/2022,C122CUYCAR dup,C122CUYCAR dup_2,5/17/2022,EPA 3052M,9/15/2022,2,280,0.28,0.28,DNQ,Detected Not Quantifiable,0.21,0.62,1,None,None: None - No QA Qualifier,COM,Compliant,,RPD 3.87,FALSE,TRUE,408,455,mm,Field,1490,g,Field,0,#N/A,M
5/17/2022,5,2022,907CUYRES,Cuyamaca Reservoir,Cuyamaca Reservoir_Largemouth Bass Fillet (Skin Off),SWB_Realign_RWB9_2022,Statewide BMP Realignment RWB9 Study 2022,BMP_Realign_RWB9_21,SWAMP BMP Realignment San Diego Region Study_2021,TI,MPSL-DFW,FHAB collected,Location1Shock1,Composite,9:00,Shock,1,Perm,32.988634,-116.582258,WGS84,FALSE,9,Smith & Root Electric Shock Boat (SR14S),NA,shocked entire lake,907CUYRESRLN22LMB02-01,Largemouth Bass Fillet (Skin Off),Micropterus salmoides,NR,1,C2107,TRUE,RLN22_C2107_C,fillet,Skin off,20,g,,C2_907CUYRESRLN22LMB,1,normal,220.01,g,MPSL-DFW,Fish,"11 fish; 56.72g Arc1, 57.38g Arc2(PFAS), 60.95g Arc3",tissue,EPA 200.8M,90,Selenium,Total,ug/g ww,Selenium; Total; tissue; ug/g ww,MPSL-DFW_2022Dig48_T_AsSe,10/5/2022,C222CUYLMB,C222CUYLMB_1,5/17/2022,EPA 3052M,9/15/2022,1,290,0.29,0.29,DNQ,Detected Not Quantifiable,0.21,0.62,1,None,None: None - No QA Qualifier,COM,Compliant,,,FALSE,TRUE,418,430,mm,Field,1325,g,Field,0,14,M
10/4/2022,10,2022,90110DANA,Dana Point Harbor,Dana Point Harbor_Chub Mackerel,SWB_Realign_RWB9_2022,Statewide BMP Realignment RWB9 Study 2022,BMP_Realign_RWB9_21,SWAMP BMP Realignment San Diego Region Study_2021,TI,MPSL-DFW,,OpenWaterHook1,Composite,7:40,Hook,1,Perm,33.45826497,-117.6965858,WGS84,FALSE,9,Hook and Line,NA,,90110DANARLN22PCM01-01,Chub Mackerel,Scomber japonicus,NR,1,C2771,TRUE,RLN22_C2771_C,whole organism,"Skin on, Scales On",69.33,g,,C1_90110DANARLN22PCM,1,normal,325,g,MPSL-DFW,Fish,"5 fish; 60.54g Arc1, 55.08g Arc2(PFAS), 53.48g Arc3",tissue,EPA 200.8M,90,Selenium,Total,ug/g ww,Selenium; Total; tissue; ug/g ww,MPSL-DFW_2023Dig05_T_TM,2/17/2023,C122DANPCM,C122DANPCM_1,10/4/2022,EPA 3052M,2/16/2023,1,900,0.9,0.9,=,Equal To,0.21,0.64,1,None,None: None - No QA Qualifier,COM,Compliant,,,FALSE,TRUE,242,267,mm,Field,180,g,Field,0,#N/A,LAB
10/4/2022,10,2022,90110DANA,Dana Point Harbor,Dana Point Harbor_Pacific Bonito,SWB_Realign_RWB9_2022,Statewide BMP Realignment RWB9 Study 2022,BMP_Realign_RWB9_21,SWAMP BMP Realignment San Diego Region Study_2021,TI,MPSL-DFW,,OpenWaterHook1,Composite,7:40,Hook,1,Perm,33.45826497,-117.6965858,WGS84,FALSE,9,Hook and Line,NA,,90110DANARLN22PBN01-01,Pacific Bonito,Sarda chiliensis,NR,1,C2776,TRUE,RLN22_C2776_C,whole organism,"Skin on, Scales On",88,g,equal masses used instead of proportionial masses,C1_90110DANARLN22PBN,1,normal,264,g,MPSL-DFW,Fish,"3 fish; equal masses used for parts instead of proportional masses; 60.83g Arc1, 55.25g Arc2(PFAS), 57.14g Arc3",tissue,EPA 200.8M,90,Selenium,Total,ug/g ww,Selenium; Total; tissue; ug/g ww,MPSL-DFW_2023Dig05_T_TM,2/17/2023,C122DANPBN,C122DANPBN_1,10/4/2022,EPA 3052M,2/16/2023,1,550,0.55,0.55,DNQ,Detected Not Quantifiable,0.21,0.64,1,None,None: None - No QA Qualifier,COM,Compliant,,,FALSE,TRUE,315,341,mm,Field,380,g,Field,0,#N/A,LAB
10/4/2022,10,2022,90110DANA,Dana Point Harbor,Dana Point Harbor_Pacific Bonito,SWB_Realign_RWB9_2022,Statewide BMP Realignment RWB9 Study 2022,BMP_Realign_RWB9_21,SWAMP BMP Realignment San Diego Region Study_2021,TI,MPSL-DFW,,OpenWaterHook1,Composite,7:40,Hook,1,Perm,33.45826497,-117.6965858,WGS84,FALSE,9,Hook and Line,NA,,90110DANARLN22PBN01-01,Pacific Bonito,Sarda chiliensis,NR,1,C2776,TRUE,RLN22_C2776_C,whole organism,"Skin on, Scales On",88,g,equal masses used instead of proportionial masses,C1_90110DANARLN22PBN,1,normal,264,g,MPSL-DFW,Fish,"3 fish; equal masses used for parts instead of proportional masses; 60.83g Arc1, 55.25g Arc2(PFAS), 57.14g Arc3",tissue,EPA 200.8M,90,Selenium,Total,ug/g ww,Selenium; Total; tissue; ug/g ww,MPSL-DFW_2023Dig05_T_TM,2/17/2023,C122DANPBN-dup,C122DANPBN-dup_2,10/4/2022,EPA 3052M,2/16/2023,2,530,0.53,0.53,DNQ,Detected Not Quantifiable,0.21,0.64,1,None,None: None - No QA Qualifier,COM,Compliant,,RPD 3.7,FALSE,TRUE,315,341,mm,Field,380,g,Field,0,#N/A,LAB
11/22/2022,11,2022,90110DANA,Dana Point Harbor,Dana Point Harbor_Pacific Oyster,SWB_Realign_RWB9_2022,Statewide BMP Realignment RWB9 Study 2022,BMP_Realign_RWB9_21,SWAMP BMP Realignment San Diego Region Study_2021,TI,RWQCB9,,Bank,Composite,12:35,Tissue_Grab,1,Perm,33.45826497,-117.6965858,WGS84,FALSE,9,Individual Collection by hand,NA,Sampled from Baby Beach to public fishing pier,90110DANAR9RLN22OYS01,Pacific Oyster,Crassostrea gigas,NR,1,,TRUE,RLN22_DANOYS,soft tissue (e.g. clams) with gonads intact,None,646.21,g,,C1_90110DANARLN22OYS,1,normal,646.21,g,MPSL-DFW,Bivalves,64.20g Arc1,tissue,EPA 200.8M,90,Selenium,Total,ug/g dw,Selenium; Total; tissue; ug/g dw,MPSL-DFW_2023Dig27_T_TM,5/10/2023,2023-0027,2023-0027_1,11/22/2022,EPA 3052M,5/1/2023,1,509.76,0.50976,4.32,=,Equal To,0.78,2.35,1,None,None: None - No QA Qualifier,COM,Compliant,,,FALSE,TRUE,0,0,0,0,0,0,0,0,0,0
10/3/2022,10,2022,90110DANA,Dana Point Harbor,Dana Point Harbor_Striped Mullet,SWB_Realign_RWB9_2022,Statewide BMP Realignment RWB9 Study 2022,BMP_Realign_RWB9_21,SWAMP BMP Realignment San Diego Region Study_2021,TI,MPSL-DFW,,BankSeine2,Composite,14:35,Seine,1,Perm,33.45826497,-117.6965858,WGS84,FALSE,9,Not Recorded,NA,,90110DANARLN22STM01-01,Striped Mullet,Mugil cephalus,NR,1,C2756,TRUE,RLN22_C2756_C,whole organism,"Skin on, Scales On",52.96,g,equal masses used instead of proportionial masses,C1_90110DANARLN22STM,1,normal,264.82,g,MPSL-DFW,Fish,"5 fish; equal masses used for parts instead of proportional masses; 64.65g Arc1, 64.63g Arc2(PFAS), 67.37g Arc3",tissue,EPA 200.8M,90,Selenium,Total,ug/g ww,Selenium; Total; tissue; ug/g ww,MPSL-DFW_2023Dig05_T_TM,2/17/2023,C122DANSTM,C122DANSTM_1,10/3/2022,EPA 3052M,2/16/2023,1,440,0.44,0.44,DNQ,Detected Not Quantifiable,0.21,0.64,1,None,None: None - No QA Qualifier,COM,Compliant,,,FALSE,TRUE,448,510,mm,Field,1180,g,Field,0,#N/A,LAB
10/4/2022,10,2022,90110DANA,Dana Point Harbor,Dana Point Harbor_Jacksmelt,SWB_Realign_RWB9_2022,Statewide BMP Realignment RWB9 Study 2022,BMP_Realign_RWB9_21,SWAMP BMP Realignment San Diego Region Study_2021,TI,MPSL-DFW,,OpenWaterHook1,Composite,7:40,Hook,1,Perm,33.45826497,-117.6965858,WGS84,FALSE,9,Hook and Line,NA,,90110DANARLN22JKS01-01,Jacksmelt,Atherinopsis californiensis,NR,1,C2766,TRUE,RLN22_C2766_C,whole organism,"Skin on, Scales On",72.85,g,,C1_90110DANARLN22JKS,1,normal,504.69,g,MPSL-DFW,Fish,"5 fish; does not meet 75% rule; 63.83g Arc1, 64.16g Arc2(PFAS), 65.06g Arc3",tissue,EPA 200.8M,90,Selenium,Total,ug/g ww,Selenium; Total; tissue; ug/g ww,MPSL-DFW_2023Dig06_T_TM,4/4/2023,C122DANJKS,C122DANJKS_1,10/4/2022,EPA 3052M,2/24/2023,1,350,0.35,0.35,DNQ,Detected Not Quantifiable,0.21,0.64,1,None,None: None - No QA Qualifier,COM,Compliant,,,FALSE,TRUE,181,200,mm,Field,55,g,Field,0,#N/A,LAB
10/4/2022,10,2022,90110DANA,Dana Point Harbor,Dana Point Harbor_Walleye Surfperch,SWB_Realign_RWB9_2022,Statewide BMP Realignment RWB9 Study 2022,BMP_Realign_RWB9_21,SWAMP BMP Realignment San Diego Region Study_2021,TI,MPSL-DFW,,OpenWaterHook1,Composite,7:40,Hook,1,Perm,33.45826497,-117.6965858,WGS84,FALSE,9,Hook and Line,NA,,90110DANARLN22WSP01-01,Walleye Surfperch,Hyperprosopon argenteum,NR,1,C2761,TRUE,RLN22_C2761_C,whole organism,"Skin on, Scales On",63.94,g,,C1_90110DANARLN22WSP,1,normal,340.11,g,MPSL-DFW,Fish,"5 fish; 53.56g Arc1, 54.15g Arc2(PFAS), 53.80g Arc3",tissue,EPA 200.8M,90,Selenium,Total,ug/g ww,Selenium; Total; tissue; ug/g ww,MPSL-DFW_2023Dig06_T_TM,4/4/2023,C122DANWSP,C122DANWSP_1,10/4/2022,EPA 3052M,2/24/2023,1,320,0.32,0.32,DNQ,Detected Not Quantifiable,0.21,0.64,1,None,None: None - No QA Qualifier,COM,Compliant,,,FALSE,TRUE,143,159,mm,Field,70,g,Field,0,#N/A,LAB
8/22/2022,8,2022,911IBPIER,Imperial Beach Pier,Imperial Beach Pier_Chub Mackerel,SWB_Realign_RWB9_2022,Statewide BMP Realignment RWB9 Study 2022,BMP_Realign_RWB9_21,SWAMP BMP Realignment San Diego Region Study_2021,TI,MPSL-DFW,,OpenWaterHook1,Composite,16:40,Hook,1,Perm,32.579559,-117.137264,WGS84,FALSE,,Hook and Line,NA,,911IBPIERRLN22PCM01-01,Chub Mackerel,Scomber japonicus,NR,1,C2530,TRUE,RLN22_C2530_C,whole organism,"Skin on, Scales On",180.25,g,,C1_911IBPIERRLN22PCM,1,normal,350,g,MPSL-DFW,Fish,"2 fish; 64.25g Arc1, 64.94g Arc2(PFAS), 63.54g Arc3",tissue,EPA 200.8M,90,Selenium,Total,ug/g ww,Selenium; Total; tissue; ug/g ww,MPSL-DFW_2023Dig05_T_TM,2/17/2023,C122IBPPCM,C122IBPPCM_1,8/22/2022,EPA 3052M,2/16/2023,1,1040,1.04,1.04,=,Equal To,0.21,0.64,1,None,None: None - No QA Qualifier,COM,Compliant,,,FALSE,TRUE,275,305,mm,Field,265,g,Field,0,#N/A,LAB
11/7/2022,11,2022,911IBPIER,Imperial Beach Pier,Imperial Beach Pier_California Mussel,SWB_Realign_RWB9_2022,Statewide BMP Realignment RWB9 Study 2022,BMP_Realign_RWB9_21,SWAMP BMP Realignment San Diego Region Study_2021,TI,RWQCB9,,Bank,Composite,14:46,Tissue_Grab,1,Perm,32.579559,-117.137264,WGS84,FALSE,,Individual Collection by hand,NA,Sampled for HABs on south side of pilings,911IBPIERR9RLN22RCM01,California Mussel,Mytilus californianus,NR,1,,TRUE,RLN22_IBPRCM,soft tissue (e.g. clams) with gonads intact,None,579.31,g,,C1_911IBPIERRLN22RCM,1,normal,579.31,g,MPSL-DFW,Bivalves,66.97g Arc1,tissue,EPA 200.8M,90,Selenium,Total,ug/g dw,Selenium; Total; tissue; ug/g dw,MPSL-DFW_2023Dig27_T_TM,5/10/2023,2023-0030,2023-0030_1,11/7/2022,EPA 3052M,5/1/2023,1,480.6,0.4806,2.7,=,Equal To,0.78,2.35,1,None,None: None - No QA Qualifier,COM,Compliant,,,FALSE,TRUE,0,0,0,0,0,0,0,0,0,0
8/22/2022,8,2022,911IBPIER,Imperial Beach Pier,Imperial Beach Pier_Pacific Sardine,SWB_Realign_RWB9_2022,Statewide BMP Realignment RWB9 Study 2022,BMP_Realign_RWB9_21,SWAMP BMP Realignment San Diego Region Study_2021,TI,MPSL-DFW,,OpenWaterHook1,Composite,16:40,Hook,1,Perm,32.579559,-117.137264,WGS84,FALSE,,Hook and Line,NA,,911IBPIERRLN22PSR01-01,Pacific Sardine,Sardinops sagax,NR,1,C2524,TRUE,RLN22_C2524_C,whole organism,"Skin on, Scales On",45.4,g,,C1_911IBPIERRLN22PSR,1,normal,209.7,g,MPSL-DFW,Fish,"5 fish; 63.69g Arc1, 59.87g Arc2(PFAS), 60.14g Arc3",tissue,EPA 200.8M,90,Selenium,Total,ug/g ww,Selenium; Total; tissue; ug/g ww,MPSL-DFW_2023Dig05_T_TM,2/17/2023,C122IBPPSR,C122IBPPSR_1,8/22/2022,EPA 3052M,2/16/2023,1,430,0.43,0.43,DNQ,Detected Not Quantifiable,0.21,0.64,1,None,None: None - No QA Qualifier,COM,Compliant,,,FALSE,TRUE,165,182,mm,Field,48.4,g,Field,0,#N/A,LAB
8/22/2022,8,2022,911IBPIER,Imperial Beach Pier,Imperial Beach Pier_Pacific Bonito,SWB_Realign_RWB9_2022,Statewide BMP Realignment RWB9 Study 2022,BMP_Realign_RWB9_21,SWAMP BMP Realignment San Diego Region Study_2021,TI,MPSL-DFW,,OpenWaterHook1,Composite,16:40,Hook,1,Perm,32.579559,-117.137264,WGS84,FALSE,,Hook and Line,NA,,911IBPIERRLN22PBN01-01,Pacific Bonito,Sarda chiliensis,NR,1,C2531,TRUE,RLN22_C2531_C,whole organism,"Skin on, Scales On",73.5,g,,C1_911IBPIERRLN22PBN,1,normal,350,g,MPSL-DFW,Fish,"5 fish; 62.52g Arc1, 66.49g Arc2(PFAS), 64.96g Arc3",tissue,EPA 200.8M,90,Selenium,Total,ug/g ww,Selenium; Total; tissue; ug/g ww,MPSL-DFW_2023Dig06_T_TM,4/4/2023,C122IBPPBN,C122IBPPBN_1,8/22/2022,EPA 3052M,2/24/2023,1,400,0.4,0.4,DNQ,Detected Not Quantifiable,0.21,0.64,1,None,None: None - No QA Qualifier,COM,Compliant,,,FALSE,TRUE,305,330,mm,Field,335,g,Field,0,#N/A,LAB
8/23/2022,8,2022,911IBPIER,Imperial Beach Pier,Imperial Beach Pier_Queenfish,SWB_Realign_RWB9_2022,Statewide BMP Realignment RWB9 Study 2022,BMP_Realign_RWB9_21,SWAMP BMP Realignment San Diego Region Study_2021,TI,MPSL-DFW,,OpenWaterHook2,Composite,16:20,Hook,1,Perm,32.579559,-117.137264,WGS84,FALSE,,Hook and Line,NA,,911IBPIERRLN22QUF01-01,Queenfish,Seriphus politus,NR,1,C2555,TRUE,RLN22_C2555_C,whole organism,"Skin on, Scales On",31.66,g,,C1_911IBPIERRLN22QUF,1,normal,223.27,g,MPSL-DFW,Fish,"5 fish; 61.38g Arc1, 60.51g Arc2(PFAS), additional archive not created",tissue,EPA 200.8M,90,Selenium,Total,ug/g ww,Selenium; Total; tissue; ug/g ww,MPSL-DFW_2023Dig05_T_TM,2/17/2023,C122IBPQUF,C122IBPQUF_1,8/23/2022,EPA 3052M,2/16/2023,1,400,0.4,0.4,DNQ,Detected Not Quantifiable,0.21,0.64,1,None,None: None - No QA Qualifier,COM,Compliant,,,FALSE,TRUE,-88,142,mm,Field,32.4,g,Field,0,#N/A,LAB
8/22/2022,8,2022,911IBPIER,Imperial Beach Pier,Imperial Beach Pier_Pacific Bonito,SWB_Realign_RWB9_2022,Statewide BMP Realignment RWB9 Study 2022,BMP_Realign_RWB9_21,SWAMP BMP Realignment San Diego Region Study_2021,TI,MPSL-DFW,,OpenWaterHook1,Composite,16:40,Hook,1,Perm,32.579559,-117.137264,WGS84,FALSE,,Hook and Line,NA,,911IBPIERRLN22PBN01-01,Pacific Bonito,Sarda chiliensis,NR,1,C2531,TRUE,RLN22_C2531_C,whole organism,"Skin on, Scales On",73.5,g,,C1_911IBPIERRLN22PBN,1,normal,350,g,MPSL-DFW,Fish,"5 fish; 62.52g Arc1, 66.49g Arc2(PFAS), 64.96g Arc3",tissue,EPA 200.8M,90,Selenium,Total,ug/g ww,Selenium; Total; tissue; ug/g ww,MPSL-DFW_2023Dig06_T_TM,4/4/2023,C122IBPPBN,C122IBPPBN_2,8/22/2022,EPA 3052M,2/24/2023,2,390,0.39,0.39,DNQ,Detected Not Quantifiable,0.21,0.64,1,None,None: None - No QA Qualifier,COM,Compliant,,RPD 2.5,FALSE,TRUE,305,330,mm,Field,335,g,Field,0,#N/A,LAB
8/22/2022,8,2022,911IBPIER,Imperial Beach Pier,Imperial Beach Pier_Jacksmelt,SWB_Realign_RWB9_2022,Statewide BMP Realignment RWB9 Study 2022,BMP_Realign_RWB9_21,SWAMP BMP Realignment San Diego Region Study_2021,TI,MPSL-DFW,,OpenWaterHook1,Composite,16:40,Hook,1,Perm,32.579559,-117.137264,WGS84,FALSE,,Hook and Line,NA,,911IBPIERRLN22JKS01-01,Jacksmelt,Atherinopsis californiensis,NR,1,C2528,TRUE,RLN22_C2528_C,whole organism,"Skin on, Scales On",29.08,g,,C1_911IBPIERRLN22JKS,1,normal,112.34,g,MPSL-DFW,Fish,"2 fish, does not meet 75% rule; archives not created",tissue,EPA 200.8M,90,Selenium,Total,ug/g ww,Selenium; Total; tissue; ug/g ww,MPSL-DFW_2023Dig05_T_TM,2/17/2023,C122IBPJKS,C122IBPJKS_1,8/22/2022,EPA 3052M,2/16/2023,1,370,0.37,0.37,DNQ,Detected Not Quantifiable,0.21,0.64,1,None,None: None - No QA Qualifier,COM,Compliant,,,FALSE,TRUE,140,154,mm,Field,23.7,g,Field,0,#N/A,LAB
8/23/2022,8,2022,911IBPIER,Imperial Beach Pier,Imperial Beach Pier_Barred Surfperch,SWB_Realign_RWB9_2022,Statewide BMP Realignment RWB9 Study 2022,BMP_Realign_RWB9_21,SWAMP BMP Realignment San Diego Region Study_2021,TI,MPSL-DFW,,BankSeine1,Composite,7:00,Seine,1,Perm,32.579559,-117.137264,WGS84,FALSE,,"Gill Net 2.0"" Stretch 300' long 6' deep",NA,5 seines,911IBPIERRLN22BRS01-01,Barred Surfperch,Amphistichus argenteus,NR,1,C2534,TRUE,RLN22_C2534_C,whole organism,"Skin on, Scales On",136.32,g,,C1_911IBPIERRLN22BRS,1,normal,361.42,g,MPSL-DFW,Fish,"5 fish; 61.44g Arc1, 52.29g Arc2(PFAS), 56.15g Arc3",tissue,EPA 200.8M,90,Selenium,Total,ug/g ww,Selenium; Total; tissue; ug/g ww,MPSL-DFW_2023Dig05_T_TM,2/17/2023,C122IBPBRS,C122IBPBRS_1,8/23/2022,EPA 3052M,2/16/2023,1,320,0.32,0.32,DNQ,Detected Not Quantifiable,0.21,0.64,1,None,None: None - No QA Qualifier,COM,Compliant,,,FALSE,TRUE,180,197,mm,Field,160,g,Field,0,#N/A,LAB
8/23/2022,8,2022,911IBPIER,Imperial Beach Pier,Imperial Beach Pier_California Corbina,SWB_Realign_RWB9_2022,Statewide BMP Realignment RWB9 Study 2022,BMP_Realign_RWB9_21,SWAMP BMP Realignment San Diego Region Study_2021,TI,MPSL-DFW,,BankSeine1,Composite,7:00,Seine,1,Perm,32.579559,-117.137264,WGS84,FALSE,,"Gill Net 2.0"" Stretch 300' long 6' deep",NA,5 seines,911IBPIERRLN22CAC01-02,California Corbina,Menticirrhus undulatus,NR,1,C2540,TRUE,RLN22_C2540_C,whole organism,"Skin on, Scales On",100.8,g,,C1_911IBPIERRLN22CAC,1,normal,400.4,g,MPSL-DFW,Fish,"5 fish; 63.98g Arc1, 63.04g Arc2(PFAS), 64.71g Arc3",tissue,EPA 200.8M,90,Selenium,Total,ug/g ww,Selenium; Total; tissue; ug/g ww,MPSL-DFW_2023Dig05_T_TM,2/17/2023,C122IBPCAC,C122IBPCAC_1,8/23/2022,EPA 3052M,2/16/2023,1,220,0.22,0.22,DNQ,Detected Not Quantifiable,0.21,0.64,1,None,None: None - No QA Qualifier,COM,Compliant,,,FALSE,TRUE,273,278,mm,Field,195,g,Field,0,#N/A,LAB
8/23/2022,8,2022,911IBPIER,Imperial Beach Pier,Imperial Beach Pier_California Corbina Fillet (Skin Off),SWB_Realign_RWB9_2022,Statewide BMP Realignment RWB9 Study 2022,BMP_Realign_RWB9_21,SWAMP BMP Realignment San Diego Region Study_2021,TI,MPSL-DFW,,BankSeine1,Composite,7:00,Seine,1,Perm,32.579559,-117.137264,WGS84,FALSE,,"Gill Net 2.0"" Stretch 300' long 6' deep",NA,5 seines,911IBPIERRLN22CAC01-01,California Corbina Fillet (Skin Off),Menticirrhus undulatus,NR,1,C2539,TRUE,RLN22_C2539_C,fillet,Skin off,27.97,g,,C2_911IBPIERRLN22CAC,1,normal,139.81,g,MPSL-DFW,Fish,"5 fish, does not meet 75% rule; 58.94g Arc1, 57.86g Arc2(PFAS), additional archive not created",tissue,EPA 200.8M,90,Selenium,Total,ug/g ww,Selenium; Total; tissue; ug/g ww,MPSL-DFW_2023Dig05_T_TM,2/17/2023,C222IBPCAC,C222IBPCAC_1,8/23/2022,EPA 3052M,2/16/2023,1,0,,,ND,Not Detected,0.21,0.64,1,None,None: None - No QA Qualifier,COM,Compliant,,,FALSE,TRUE,343,353,mm,Field,435,g,Field,0,#N/A,LAB
8/17/2022,8,2022,909LSRMPD,Lower Sweetwater River,Lower Sweetwater River_Bluegill,SWB_Realign_RWB9_2022,Statewide BMP Realignment RWB9 Study 2022,BMP_Realign_RWB9_21,SWAMP BMP Realignment San Diego Region Study_2021,TI,MPSL-DFW,FHAB also collected,BankNet1,Composite,12:15,Net,1,Perm,32.67292,-117.02381,WGS84,FALSE,,Cast Net 1.0 Stretch 10',NA,,909LSRMPDRLN22BGL01-02,Bluegill,Lepomis macrochirus,NR,1,C2514,TRUE,RLN22_C2514_C,whole organism,"Skin on, Scales On",23.29,g,,C1_909LSRMPDRLN22BGL,1,normal,103.98,g,MPSL-DFW,Fish,5 fish; insufficient tissue no archives created,tissue,EPA 200.8M,90,Selenium,Total,ug/g ww,Selenium; Total; tissue; ug/g ww,MPSL-DFW_2023Dig15_T_TM,4/4/2023,C122LSRGBL,C122LSRGBL_1,8/17/2022,EPA 3052M,3/29/2023,1,340,0.34,0.34,DNQ,Detected Not Quantifiable,0.21,0.64,1,None,None: None - No QA Qualifier,COM,Compliant,,,FALSE,TRUE,114,122,mm,Field,88,g,Field,0,#N/A,LAB
8/17/2022,8,2022,909LSRMPD,Lower Sweetwater River,Lower Sweetwater River_Bluegill Fillet (Skin Off),SWB_Realign_RWB9_2022,Statewide BMP Realignment RWB9 Study 2022,BMP_Realign_RWB9_21,SWAMP BMP Realignment San Diego Region Study_2021,TI,MPSL-DFW,FHAB also collected,BankNet1,Composite,12:15,Net,1,Perm,32.67292,-117.02381,WGS84,FALSE,,Cast Net 1.0 Stretch 10',NA,,909LSRMPDRLN22BGL01-01,Bluegill Fillet (Skin Off),Lepomis macrochirus,NR,1,C2513,TRUE,RLN22_C2513_C,fillet,Skin off,3.03,g,,C2_909LSRMPDRLN22BGL,1,normal,15.15,g,MPSL-DFW,Fish,5 fish; insufficient tissue no archives created,tissue,EPA 200.8M,90,Selenium,Total,ug/g ww,Selenium; Total; tissue; ug/g ww,MPSL-DFW_2023Dig15_T_TM,4/4/2023,C222LSRGBL,C222LSRGBL_1,8/17/2022,EPA 3052M,3/29/2023,1,520,0.52,0.52,DNQ,Detected Not Quantifiable,0.21,0.64,1,None,None: None - No QA Qualifier,COM,Compliant,,,FALSE,TRUE,103,112,mm,Field,68,g,Field,0,#N/A,LAB
11/7/2022,11,2022,906MBSSBL,Mission Bay,Mission Bay_Pacific Oyster,SWB_Realign_RWB9_2022,Statewide BMP Realignment RWB9 Study 2022,BMP_Realign_RWB9_21,SWAMP BMP Realignment San Diego Region Study_2021,TI,RWQCB9,,Bank,Composite,12:50,Tissue_Grab,1,Perm,32.764723,-117.217885,WGS84,FALSE,,Individual Collection by hand,NA,Sampled North of Ramp.  Some evidence of harvest.,906MBSSBLR9RLN22OYS01,Pacific Oyster,Crassostrea gigas,NR,1,,TRUE,RLN22_MISOYS,soft tissue (e.g. clams) with gonads intact,None,590.48,g,,C1_906MBSSBLRLN22OYS,1,normal,590.48,g,MPSL-DFW,Bivalves,61.29g Arc1,tissue,EPA 200.8M,90,Selenium,Total,ug/g dw,Selenium; Total; tissue; ug/g dw,MPSL-DFW_2023Dig27_T_TM,5/10/2023,2023-0028,2023-0028_1,11/7/2022,EPA 3052M,5/1/2023,1,306.6,0.3066,2.92,=,Equal To,0.78,2.35,1,None,None: None - No QA Qualifier,COM,Compliant,,,FALSE,TRUE,0,0,0,0,0,0,0,0,0,0
8/29/2022,8,2022,906MBCJTY,Mission Bay,Mission Bay_Chub Mackerel,SWB_Realign_RWB9_2022,Statewide BMP Realignment RWB9 Study 2022,BMP_Realign_RWB9_21,SWAMP BMP Realignment San Diego Region Study_2021,TI,MPSL-DFW,,MidChannelHook1,Composite,14:00,Hook,1,Perm,32.75752,-117.25532,WGS84,FALSE,,Hook and Line,NA,,906MBCJTYRLN22PCM01-01,Chub Mackerel,Scomber japonicus,NR,1,C2577,TRUE,RLN22_C2577_C,whole organism,"Skin on, Scales On",55.5,g,,C1_906MBCJTYRLN22PCM,1,normal,300,g,MPSL-DFW,Fish,"5 fish; 59.65g Arc1, 60.24g Arc2(PFAS), 62.85g Arc3",tissue,EPA 200.8M,90,Selenium,Total,ug/g ww,Selenium; Total; tissue; ug/g ww,MPSL-DFW_2023Dig06_T_TM,4/4/2023,C122MBJPCM,C122MBJPCM_1,8/29/2022,EPA 3052M,2/24/2023,1,890,0.89,0.89,=,Equal To,0.21,0.64,1,None,None: None - No QA Qualifier,COM,Compliant,,,FALSE,TRUE,250,271,mm,Field,195,g,Field,0,#N/A,LAB
8/30/2022,8,2022,906MBCJTY,Mission Bay,Mission Bay_Spotfin Croaker,SWB_Realign_RWB9_2022,Statewide BMP Realignment RWB9 Study 2022,BMP_Realign_RWB9_21,SWAMP BMP Realignment San Diego Region Study_2021,TI,MPSL-DFW,,BankSeine1,Composite,7:10,Seine,1,Perm,32.75752,-117.25532,WGS84,FALSE,,"Gill Net 2.0"" Stretch 300' long 6' deep",NA,,906MBCJTYRLN22SFC01-01,Spotfin Croaker,Roncador stearnsii,NR,1,C2583,TRUE,RLN22_C2583_C,whole organism,"Skin on, Scales On",53,g,equal masses used instead of proportional masses,C1_906MBCJTYRLN22SFC,1,normal,265,g,MPSL-DFW,Fish,"5 fish; equal masses used for parts instead of proportional masses; 62.35g Arc1, 64.42g Arc2(PFAS), 61.86g Arc3",tissue,EPA 200.8M,90,Selenium,Total,ug/g ww,Selenium; Total; tissue; ug/g ww,MPSL-DFW_2023Dig06_T_TM,4/4/2023,C122MBJSFC,C122MBJSFC_1,8/30/2022,EPA 3052M,2/24/2023,1,560,0.56,0.56,DNQ,Detected Not Quantifiable,0.21,0.64,1,None,None: None - No QA Qualifier,COM,Compliant,,,FALSE,TRUE,460,480,mm,Field,1425,g,Field,0,#N/A,LAB
8/29/2022,8,2022,906MBCJTY,Mission Bay,Mission Bay_Pacific Bonito,SWB_Realign_RWB9_2022,Statewide BMP Realignment RWB9 Study 2022,BMP_Realign_RWB9_21,SWAMP BMP Realignment San Diego Region Study_2021,TI,MPSL-DFW,,MidChannelHook1,Composite,14:00,Hook,1,Perm,32.75752,-117.25532,WGS84,FALSE,,Hook and Line,NA,,906MBCJTYRLN22PBN01-01,Pacific Bonito,Sarda chiliensis,NR,1,C2582,TRUE,RLN22_C2582_I,whole organism,"Skin on, Scales On",271.11,g,,I_906MBCJTYRLN22PBN01-01,1,normal,271.11,g,MPSL-DFW,Fish,"48.36g Arc1, 53.18g Arc2(PFAS), 25.91g Arc3",tissue,EPA 200.8M,90,Selenium,Total,ug/g ww,Selenium; Total; tissue; ug/g ww,MPSL-DFW_2023Dig06_T_TM,4/4/2023,C2582,C2582_1,8/29/2022,EPA 3052M,2/24/2023,1,360,0.36,0.36,DNQ,Detected Not Quantifiable,0.21,0.64,1,None,None: None - No QA Qualifier,COM,Compliant,,,FALSE,TRUE,300,329,mm,Field,310,g,Field,0,#N/A,LAB
8/29/2022,8,2022,906MBCJTY,Mission Bay,Mission Bay_Jacksmelt,SWB_Realign_RWB9_2022,Statewide BMP Realignment RWB9 Study 2022,BMP_Realign_RWB9_21,SWAMP BMP Realignment San Diego Region Study_2021,TI,MPSL-DFW,,MidChannelHook1,Composite,14:00,Hook,1,Perm,32.75752,-117.25532,WGS84,FALSE,,Hook and Line,NA,,906MBCJTYRLN22JKS01-01,Jacksmelt,Atherinopsis californiensis,NR,1,C2572,TRUE,RLN22_C2572_C,whole organism,"Skin on, Scales On",65,g,equal masses used instead of proportional masses,C1_906MBCJTYRLN22JKS,1,normal,325,g,MPSL-DFW,Fish,"5 fish; equal masses used for parts instead of proportional masses; 61.93g Arc1, 65.86g Arc2(PFAS), 66.40g Arc3",tissue,EPA 200.8M,90,Selenium,Total,ug/g ww,Selenium; Total; tissue; ug/g ww,MPSL-DFW_2023Dig06_T_TM,4/4/2023,C122MBJJKS,C122MBJJKS_1,8/29/2022,EPA 3052M,2/24/2023,1,340,0.34,0.34,DNQ,Detected Not Quantifiable,0.21,0.64,1,None,None: None - No QA Qualifier,COM,Compliant,,,FALSE,TRUE,234,258,mm,Field,105,g,Field,0,#N/A,LAB
8/30/2022,8,2022,90208OCNH,Oceanside Harbor,Oceanside Harbor_Chub Mackerel,SWB_Realign_RWB9_2022,Statewide BMP Realignment RWB9 Study 2022,BMP_Realign_RWB9_21,SWAMP BMP Realignment San Diego Region Study_2021,TI,MPSL-DFW,,MidChannelHook1,Composite,9:20,Hook,1,Perm,33.20900125,-117.401035,WGS84,FALSE,9,Hook and Line,NA,,90208OCNHRLN22PCM01-01,Chub Mackerel,Scomber japonicus,NR,1,C2593,TRUE,RLN22_C2593_C,whole organism,"Skin on, Scales On",54,g,,C1_90208OCNHRLN22PCM,1,normal,300.99,g,MPSL-DFW,Fish,"5 fish; 58.73g Arc1, 60.39g Arc2(PFAS), 61.50g Arc3",tissue,EPA 200.8M,90,Selenium,Total,ug/g ww,Selenium; Total; tissue; ug/g ww,MPSL-DFW_2023Dig06_T_TM,4/4/2023,C122OCHPCM,C122OCHPCM_1,8/30/2022,EPA 3052M,2/24/2023,1,710,0.71,0.71,=,Equal To,0.21,0.64,1,None,None: None - No QA Qualifier,COM,Compliant,,,FALSE,TRUE,219,228,mm,Field,125,g,Field,0,#N/A,LAB
8/30/2022,8,2022,90208OCNH,Oceanside Harbor,Oceanside Harbor_Spotfin Croaker,SWB_Realign_RWB9_2022,Statewide BMP Realignment RWB9 Study 2022,BMP_Realign_RWB9_21,SWAMP BMP Realignment San Diego Region Study_2021,TI,MPSL-DFW,,BankSeine1,Composite,13:45,Seine,1,Perm,33.20900125,-117.401035,WGS84,FALSE,9,"Gill Net 2.0"" Stretch 300' long 6' deep",NA,,90208OCNHRLN22SFC01-01,Spotfin Croaker,Roncador stearnsii,NR,1,C2605,TRUE,RLN22_C2605_C,whole organism,"Skin on, Scales On",69.2,g,,C1_90208OCNHRLN22SFC,1,normal,400.38,g,MPSL-DFW,Fish,"5 fish; 59.44g Arc1, 54.51g Arc2(PFAS), 61.33g Arc3",tissue,EPA 200.8M,90,Selenium,Total,ug/g ww,Selenium; Total; tissue; ug/g ww,MPSL-DFW_2023Dig15_T_TM,4/4/2023,C122OCHSFC,C122OCHSFC_1,8/30/2022,EPA 3052M,3/29/2023,1,560,0.56,0.56,DNQ,Detected Not Quantifiable,0.21,0.64,1,None,None: None - No QA Qualifier,COM,Compliant,,,FALSE,TRUE,391,407,mm,Field,935,g,Field,0,#N/A,LAB
11/22/2022,11,2022,90208OCNH,Oceanside Harbor,Oceanside Harbor_Pacific Oyster,SWB_Realign_RWB9_2022,Statewide BMP Realignment RWB9 Study 2022,BMP_Realign_RWB9_21,SWAMP BMP Realignment San Diego Region Study_2021,TI,RWQCB9,,Bank,Composite,14:00,Tissue_Grab,1,Perm,33.20900125,-117.401035,WGS84,FALSE,9,Individual Collection by hand,NA,Sampled south side of public fishing pier,90208OCNHR9RLN22OYS01,Pacific Oyster,Crassostrea gigas,NR,1,,TRUE,RLN22_OCHOYS,soft tissue (e.g. clams) with gonads intact,None,332.64,g,,C1_90208OCNHRLN22OYS,1,normal,332.64,g,MPSL-DFW,Bivalves,53.70g Arc1,tissue,EPA 200.8M,90,Selenium,Total,ug/g dw,Selenium; Total; tissue; ug/g dw,MPSL-DFW_2023Dig27_T_TM,5/10/2023,2023-0026,2023-0026_1,11/22/2022,EPA 3052M,5/1/2023,1,479.85,0.47985,4.57,=,Equal To,0.78,2.35,1,None,None: None - No QA Qualifier,COM,Compliant,,,FALSE,TRUE,0,0,0,0,0,0,0,0,0,0
8/30/2022,8,2022,90208OCNH,Oceanside Harbor,Oceanside Harbor_Pacific Bonito,SWB_Realign_RWB9_2022,Statewide BMP Realignment RWB9 Study 2022,BMP_Realign_RWB9_21,SWAMP BMP Realignment San Diego Region Study_2021,TI,MPSL-DFW,,MidChannelHook1,Composite,9:20,Hook,1,Perm,33.20900125,-117.401035,WGS84,FALSE,9,Hook and Line,NA,,90208OCNHRLN22PBN01-01,Pacific Bonito,Sarda chiliensis,NR,1,C2598,TRUE,RLN22_C2598_C,whole organism,"Skin on, Scales On",193.6,g,,C1_90208OCNHRLN22PBN,1,normal,400,g,MPSL-DFW,Fish,"2 fish; 64.48g Arc1, 63.58g Arc2(PFAS), 64.63g Arc3",tissue,EPA 200.8M,90,Selenium,Total,ug/g ww,Selenium; Total; tissue; ug/g ww,MPSL-DFW_2023Dig06_T_TM,4/4/2023,C122OCHPBN,C122OCHPBN_1,8/30/2022,EPA 3052M,2/24/2023,1,470,0.47,0.47,DNQ,Detected Not Quantifiable,0.21,0.64,1,None,None: None - No QA Qualifier,COM,Compliant,,,FALSE,TRUE,297,326,mm,Field,310,g,Field,0,#N/A,LAB
8/30/2022,8,2022,90208OCNH,Oceanside Harbor,Oceanside Harbor_Jacksmelt,SWB_Realign_RWB9_2022,Statewide BMP Realignment RWB9 Study 2022,BMP_Realign_RWB9_21,SWAMP BMP Realignment San Diego Region Study_2021,TI,MPSL-DFW,,MidChannelHook1,Composite,9:20,Hook,1,Perm,33.20900125,-117.401035,WGS84,FALSE,9,Hook and Line,NA,,90208OCNHRLN22JKS01-01,Jacksmelt,Atherinopsis californiensis,NR,1,C2588,TRUE,RLN22_C2588_C,whole organism,"Skin on, Scales On",50.4,g,,C1_90208OCNHRLN22JKS,1,normal,399.6,g,MPSL-DFW,Fish,"5 fish; 63.43g Arc1, 64.24g Arc2(PFAS), 64.35g Arc3",tissue,EPA 200.8M,90,Selenium,Total,ug/g ww,Selenium; Total; tissue; ug/g ww,MPSL-DFW_2023Dig06_T_TM,4/4/2023,C122OCHJKS,C122OCHJKS_1,8/30/2022,EPA 3052M,2/24/2023,1,300,0.3,0.3,DNQ,Detected Not Quantifiable,0.21,0.64,1,None,None: None - No QA Qualifier,COM,Compliant,,,FALSE,TRUE,216,227,mm,Field,75,g,Field,0,#N/A,LAB
8/30/2022,8,2022,90208OCNH,Oceanside Harbor,Oceanside Harbor_Barred Surfperch,SWB_Realign_RWB9_2022,Statewide BMP Realignment RWB9 Study 2022,BMP_Realign_RWB9_21,SWAMP BMP Realignment San Diego Region Study_2021,TI,MPSL-DFW,,BankSeine1,Composite,13:45,Seine,1,Perm,33.20900125,-117.401035,WGS84,FALSE,9,"Gill Net 2.0"" Stretch 300' long 6' deep",NA,,90208OCNHRLN22BRS01-01,Barred Surfperch,Amphistichus argenteus,NR,1,C2600,TRUE,RLN22_C2600_C,whole organism,"Skin on, Scales On",48.75,g,,C1_90208OCNHRLN22BRS,1,normal,375,g,MPSL-DFW,Fish,"5 fish; 65.48g Arc1, 66.04g Arc2(PFAS), 65.23g Arc3",tissue,EPA 200.8M,90,Selenium,Total,ug/g ww,Selenium; Total; tissue; ug/g ww,MPSL-DFW_2023Dig06_T_TM,4/4/2023,C122OCHBRS,C122OCHBRS_1,8/30/2022,EPA 3052M,2/24/2023,1,290,0.29,0.29,DNQ,Detected Not Quantifiable,0.21,0.64,1,None,None: None - No QA Qualifier,COM,Compliant,,,FALSE,TRUE,184,200,mm,Field,165,g,Field,0,#N/A,LAB
11/23/2022,11,2022,903OCPIER,Oceanside Pier,Oceanside Pier_California Mussel,SWB_Realign_RWB9_2022,Statewide BMP Realignment RWB9 Study 2022,BMP_Realign_RWB9_21,SWAMP BMP Realignment San Diego Region Study_2021,TI,RWQCB9,Sampled pilings prior to end of narrow pier area.  Water samples collected previous day,Bank,Composite,13:27,Tissue_Grab,1,Perm,33.19159,-117.38888,WGS84,FALSE,,Individual Collection by hand,NA,sampled within 50m of site code,903OCPIERR9RLN22RCM01,California Mussel,Mytilus californianus,NR,1,,TRUE,RLN22_OCPRCM,soft tissue (e.g. clams) with gonads intact,None,619.09,g,,C1_903OCPIERRLN22RCM,1,normal,619.09,g,MPSL-DFW,Bivalves,54.37g Arc1,tissue,EPA 200.8M,90,Selenium,Total,ug/g dw,Selenium; Total; tissue; ug/g dw,MPSL-DFW_2023Dig27_T_TM,5/10/2023,2023-0025,2023-0025_2,11/23/2022,EPA 3052M,5/1/2023,2,556.85,0.55685,3.01,=,Equal To,0.78,2.35,1,None,None: None - No QA Qualifier,COM,Compliant,,RPD 4.07,FALSE,TRUE,0,0,0,0,0,0,0,0,0,0
11/23/2022,11,2022,903OCPIER,Oceanside Pier,Oceanside Pier_California Mussel,SWB_Realign_RWB9_2022,Statewide BMP Realignment RWB9 Study 2022,BMP_Realign_RWB9_21,SWAMP BMP Realignment San Diego Region Study_2021,TI,RWQCB9,Sampled pilings prior to end of narrow pier area.  Water samples collected previous day,Bank,Composite,13:27,Tissue_Grab,1,Perm,33.19159,-117.38888,WGS84,FALSE,,Individual Collection by hand,NA,sampled within 50m of site code,903OCPIERR9RLN22RCM01,California Mussel,Mytilus californianus,NR,1,,TRUE,RLN22_OCPRCM,soft tissue (e.g. clams) with gonads intact,None,619.09,g,,C1_903OCPIERRLN22RCM,1,normal,619.09,g,MPSL-DFW,Bivalves,54.37g Arc1,tissue,EPA 200.8M,90,Selenium,Total,ug/g dw,Selenium; Total; tissue; ug/g dw,MPSL-DFW_2023Dig27_T_TM,5/10/2023,2023-0025,2023-0025_1,11/23/2022,EPA 3052M,5/1/2023,1,534.65,0.53465,2.89,=,Equal To,0.78,2.35,1,None,None: None - No QA Qualifier,COM,Compliant,,,FALSE,TRUE,0,0,0,0,0,0,0,0,0,0
8/24/2022,8,2022,903OCPIER,Oceanside Pier,Oceanside Pier_Barred Sand Bass,SWB_Realign_RWB9_2022,Statewide BMP Realignment RWB9 Study 2022,BMP_Realign_RWB9_21,SWAMP BMP Realignment San Diego Region Study_2021,TI,MPSL-DFW,,OpenWaterHook1,Composite,8:00,Hook,1,Perm,33.19159,-117.38888,WGS84,FALSE,,Hook and Line,NA,,903OCPIERRLN22BSB01-01,Barred Sand Bass,Paralabrax nebulifer,NR,1,C2564,TRUE,RLN22_C2564_C,whole organism,"Skin on, Scales On",132.5,g,,C1_903OCPIERRLN22BSB,1,normal,250.01,g,MPSL-DFW,Fish,"2 fish; 59.50g Arc1, 51.15g Arc2(PFAS), 56.40g Arc3",tissue,EPA 200.8M,90,Selenium,Total,ug/g ww,Selenium; Total; tissue; ug/g ww,MPSL-DFW_2023Dig06_T_TM,4/4/2023,C122OCPBSB,C122OCPBSB_1,8/24/2022,EPA 3052M,2/24/2023,1,370,0.37,0.37,DNQ,Detected Not Quantifiable,0.21,0.64,1,None,None: None - No QA Qualifier,COM,Compliant,,,FALSE,TRUE,246,255,mm,Field,245,g,Field,0,#N/A,LAB
8/24/2022,8,2022,903OCPIER,Oceanside Pier,Oceanside Pier_Barred Surfperch,SWB_Realign_RWB9_2022,Statewide BMP Realignment RWB9 Study 2022,BMP_Realign_RWB9_21,SWAMP BMP Realignment San Diego Region Study_2021,TI,MPSL-DFW,,OpenWaterHook1,Composite,8:00,Hook,1,Perm,33.19159,-117.38888,WGS84,FALSE,,Hook and Line,NA,,903OCPIERRLN22BRS01-01,Barred Surfperch,Amphistichus argenteus,NR,1,C2567,TRUE,RLN22_C2567_C,whole organism,"Skin on, Scales On",36.4,g,,C1_903OCPIERRLN22BRS,1,normal,400.38,g,MPSL-DFW,Fish,"7 fish; 56.87g Arc1, 55.01g Arc2(PFAS), 59.74g Arc3",tissue,EPA 200.8M,90,Selenium,Total,ug/g ww,Selenium; Total; tissue; ug/g ww,MPSL-DFW_2023Dig06_T_TM,4/4/2023,C122OCPBRS,C122OCPBRS_1,8/24/2022,EPA 3052M,2/24/2023,1,360,0.36,0.36,DNQ,Detected Not Quantifiable,0.21,0.64,1,None,None: None - No QA Qualifier,COM,Compliant,,,FALSE,TRUE,190,205,mm,Field,165,g,Field,0,#N/A,LAB
8/24/2022,8,2022,903OCPIER,Oceanside Pier,Oceanside Pier_Queenfish,SWB_Realign_RWB9_2022,Statewide BMP Realignment RWB9 Study 2022,BMP_Realign_RWB9_21,SWAMP BMP Realignment San Diego Region Study_2021,TI,MPSL-DFW,,OpenWaterHook1,Composite,8:00,Hook,1,Perm,33.19159,-117.38888,WGS84,FALSE,,Hook and Line,NA,,903OCPIERRLN22QUF01-01,Queenfish,Seriphus politus,NR,1,C2562,TRUE,RLN22_C2562_C,whole organism,"Skin on, Scales On",27.33,g,equal masses used instead of proportional masses,C1_903OCPIERRLN22QUF,1,normal,54.66,g,MPSL-DFW,Fish,"2 fish, does not meet 75% rule; equal masses used for parts instead of proportional masses; insufficient tissue, archives not created",tissue,EPA 200.8M,90,Selenium,Total,ug/g ww,Selenium; Total; tissue; ug/g ww,MPSL-DFW_2023Dig06_T_TM,4/4/2023,C122OCPQUF,C122OCPQUF_1,8/24/2022,EPA 3052M,2/24/2023,1,330,0.33,0.33,DNQ,Detected Not Quantifiable,0.21,0.64,1,None,None: None - No QA Qualifier,COM,Compliant,,,FALSE,TRUE,-88,142,mm,Field,29.8,g,Field,0,#N/A,LAB
8/24/2022,8,2022,903OCPIER,Oceanside Pier,Oceanside Pier_Jacksmelt,SWB_Realign_RWB9_2022,Statewide BMP Realignment RWB9 Study 2022,BMP_Realign_RWB9_21,SWAMP BMP Realignment San Diego Region Study_2021,TI,MPSL-DFW,,OpenWaterHook1,Composite,8:00,Hook,1,Perm,33.19159,-117.38888,WGS84,FALSE,,Hook and Line,NA,,903OCPIERRLN22JKS01-01,Jacksmelt,Atherinopsis californiensis,NR,1,C2560,TRUE,RLN22_C2560_C,whole organism,"Skin on, Scales On",24.8,g,,C1_903OCPIERRLN22JKS,1,normal,42.4,g,MPSL-DFW,Fish,"2 fish; insufficient tissue, no archives created",tissue,EPA 200.8M,90,Selenium,Total,ug/g ww,Selenium; Total; tissue; ug/g ww,MPSL-DFW_2023Dig06_T_TM,4/4/2023,C122OCPJKS,C122OCPJKS_1,8/24/2022,EPA 3052M,2/24/2023,1,320,0.32,0.32,DNQ,Detected Not Quantifiable,0.21,0.64,1,None,None: None - No QA Qualifier,COM,Compliant,,,FALSE,TRUE,137,148,mm,Field,24.8,g,Field,0,#N/A,LAB
8/24/2022,8,2022,903OCPIER,Oceanside Pier,Oceanside Pier_Yellowfin Croaker,SWB_Realign_RWB9_2022,Statewide BMP Realignment RWB9 Study 2022,BMP_Realign_RWB9_21,SWAMP BMP Realignment San Diego Region Study_2021,TI,MPSL-DFW,,OpenWaterHook1,Composite,8:00,Hook,1,Perm,33.19159,-117.38888,WGS84,FALSE,,Hook and Line,NA,,903OCPIERRLN22YFC01-01,Yellowfin Croaker,Umbrina roncador,NR,1,C2566,TRUE,RLN22_C2566_I,whole organism,"Skin on, Scales On",114.92,g,,I_903OCPIERRLN22YFC01-01,1,normal,114.92,g,MPSL-DFW,Fish,"25.08g Arc1; insufficient tissue, additional archives not created",tissue,EPA 200.8M,90,Selenium,Total,ug/g ww,Selenium; Total; tissue; ug/g ww,MPSL-DFW_2023Dig06_T_TM,4/4/2023,C2566,C2566_1,8/24/2022,EPA 3052M,2/24/2023,1,290,0.29,0.29,DNQ,Detected Not Quantifiable,0.21,0.64,1,None,None: None - No QA Qualifier,COM,Compliant,,,FALSE,TRUE,-88,213,mm,Field,135,g,Field,0,#N/A,LAB
8/31/2022,8,2022,903OCPIER,Oceanside Pier,Oceanside Pier_Spotfin Croaker Fillet (Skin Off),SWB_Realign_RWB9_2022,Statewide BMP Realignment RWB9 Study 2022,BMP_Realign_RWB9_21,SWAMP BMP Realignment San Diego Region Study_2021,TI,MPSL-DFW,,BankSeine1,Composite,7:15,Seine,1,Perm,33.19159,-117.38888,WGS84,FALSE,,"Gill Net 2.0"" Stretch 300' long 6' deep",NA,3 seines,903OCPIERRLN22SFC02-01,Spotfin Croaker Fillet (Skin Off),Roncador stearnsii,NR,1,C2610,TRUE,RLN22_C2610_C,fillet,Skin off,87.36,g,,C1_903OCPIERRLN22SFC,1,normal,436.81,g,MPSL-DFW,Fish,"5 fish; 65.44g Arc1, 63.52g Arc2(PFAS), 64.60g Arc3",tissue,EPA 200.8M,90,Selenium,Total,ug/g ww,Selenium; Total; tissue; ug/g ww,MPSL-DFW_2023Dig15_T_TM,4/4/2023,C122OCPSFC,C122OCPSFC_1,8/24/2022,EPA 3052M,3/29/2023,1,360,0.36,0.36,DNQ,Detected Not Quantifiable,0.21,0.64,1,None,None: None - No QA Qualifier,COM,Compliant,,,FALSE,TRUE,552,575,mm,Field,2515,g,Field,0,#N/A,LAB
8/31/2022,8,2022,903OCPIER,Oceanside Pier,Oceanside Pier_Spotfin Croaker Liver,SWB_Realign_RWB9_2022,Statewide BMP Realignment RWB9 Study 2022,BMP_Realign_RWB9_21,SWAMP BMP Realignment San Diego Region Study_2021,TI,MPSL-DFW,,BankSeine1,Composite,7:15,Seine,1,Perm,33.19159,-117.38888,WGS84,FALSE,,"Gill Net 2.0"" Stretch 300' long 6' deep",NA,3 seines,903OCPIERRLN22SFC02-01,Spotfin Croaker Liver,Roncador stearnsii,NR,1,C2610,TRUE,RLN22_C2610_L,liver,None,39.74,g,,L_903OCPIERRLN22SFC,1,normal,124.97,g,MPSL-DFW,Fish,"5 fish; insufficient tissue, no archives created",tissue,EPA 200.8M,90,Selenium,Total,ug/g ww,Selenium; Total; tissue; ug/g ww,MPSL-DFW_2023Dig26_T_TM,5/10/2023,L22OCPSFC,L22OCPSFC_1,8/31/2022,EPA 3052M,5/1/2023,1,1780,1.78,1.78,=,Equal To,0.21,0.64,1,None,None: None - No QA Qualifier,COM,Compliant,,,FALSE,TRUE,552,575,mm,Field,2515,g,Field,0,#N/A,LAB
11/7/2022,11,2022,912SDBGST,San Diego Bay,San Diego Bay_Pacific Oyster,SWB_Realign_RWB9_2022,Statewide BMP Realignment RWB9 Study 2022,BMP_Realign_RWB9_21,SWAMP BMP Realignment San Diego Region Study_2021,TI,RWQCB9,,Bank,Composite,13:54,Tissue_Grab,1,Perm,32.6294,-117.10839,WGS84,FALSE,9,Individual Collection by hand,NA,Sampled rocks at north end of park,912SDBGSTR9RLN22OYS01,Pacific Oyster,Crassostrea gigas,NR,1,,TRUE,RLN22_SDBOYS,soft tissue (e.g. clams) with gonads intact,None,389.34,g,,C1_912SDBGSTRLN22OYS,1,normal,389.34,g,MPSL-DFW,Bivalves,64.16g Arc1,tissue,EPA 200.8M,90,Selenium,Total,ug/g dw,Selenium; Total; tissue; ug/g dw,MPSL-DFW_2023Dig27_T_TM,5/10/2023,2023-0029,2023-0029_1,11/7/2022,EPA 3052M,5/1/2023,1,534.668,0.534668,3.83,=,Equal To,0.78,2.35,1,None,None: None - No QA Qualifier,COM,Compliant,,,FALSE,TRUE,0,0,0,0,0,0,0,0,0,0
6/14/2022,6,2022,912SDBYWD,San Diego Bay,San Diego Bay_Jack Mackerel,SWB_Realign_RWB9_2022,Statewide BMP Realignment RWB9 Study 2022,BMP_Realign_RWB9_21,SWAMP BMP Realignment San Diego Region Study_2021,TI,MPSL-DFW,,MidChannelHook1,Composite,7:46,Hook,1,Perm,32.70778,-117.17868,WGS84,FALSE,,Hook and Line,NA,,912SDBYWDRLN22JKM01-01,Jack Mackerel,Trachurus japonicus,NR,1,C2226,TRUE,RLN22_C2226_C,whole organism,"Skin on, Scales On",85,g,,C1_912SDBYWDRLN22JKM,1,normal,330,g,MPSL-DFW,Fish,"5 fish; 43.52g Arc1, 41.67g Arc2(PFAs), 45.81g Arc3",tissue,EPA 200.8M,90,Selenium,Total,ug/g ww,Selenium; Total; tissue; ug/g ww,MPSL-DFW_2022Dig48_T_AsSe,10/5/2022,C122SDBJKM,C122SDBJKM_1,6/14/2022,EPA 3052M,9/15/2022,1,480,0.48,0.48,DNQ,Detected Not Quantifiable,0.21,0.62,1,None,None: None - No QA Qualifier,COM,Compliant,,,FALSE,TRUE,185,205,mm,Field,85,g,Field,0,#N/A,LAB
6/15/2022,6,2022,912SDBYWD,San Diego Bay,San Diego Bay_Spotted Sand Bass,SWB_Realign_RWB9_2022,Statewide BMP Realignment RWB9 Study 2022,BMP_Realign_RWB9_21,SWAMP BMP Realignment San Diego Region Study_2021,TI,MPSL-DFW,,MidChannelHook1,Composite,7:15,Hook,1,Perm,32.70778,-117.17868,WGS84,FALSE,,Hook and Line,NA,,912SDBYWDRLN22SSB02-03,Spotted Sand Bass,Paralabrax maculatofasciatus,NR,1,C2244,TRUE,RLN22_C2244_C,whole organism,"Skin on, Scales On",425,g,,C1_912SDBYWDRLN22SSB,1,normal,1885,g,MPSL-DFW,Fish,"5 fish; 53.83g Arc1, 54.69g Arc2(PFAs), 52.02g Arc3",tissue,EPA 200.8M,90,Selenium,Total,ug/g ww,Selenium; Total; tissue; ug/g ww,MPSL-DFW_2022Dig48_T_AsSe,10/5/2022,C122SDBSSB,C122SDBSSB_1,6/15/2022,EPA 3052M,9/15/2022,1,400,0.4,0.4,DNQ,Detected Not Quantifiable,0.21,0.62,1,None,None: None - No QA Qualifier,COM,Compliant,,,FALSE,TRUE,294,303,mm,Field,425,g,Field,0,#N/A,LAB
6/13/2022,6,2022,912SDBYWD,San Diego Bay,San Diego Bay_Spotfin Croaker,SWB_Realign_RWB9_2022,Statewide BMP Realignment RWB9 Study 2022,BMP_Realign_RWB9_21,SWAMP BMP Realignment San Diego Region Study_2021,TI,MPSL-DFW,,OpenWaterHook1,Composite,14:50,Hook,1,Perm,32.70778,-117.17868,WGS84,FALSE,,Hook and Line,NA,,912SDBYWDRLN22SFC01-01,Spotfin Croaker,Roncador stearnsii,NR,1,C2220,TRUE,RLN22_C2220_C,whole organism,"Skin on, Scales On",225,g,,C1_912SDBYWDRLN22SFC,1,normal,1195,g,MPSL-DFW,Fish,"5 fish; 46.05g Arc1, 58.29g Arc2(PFAs), 54.10g Arc3",tissue,EPA 200.8M,90,Selenium,Total,ug/g ww,Selenium; Total; tissue; ug/g ww,MPSL-DFW_2022Dig48_T_AsSe,10/5/2022,C122SDBSFC,C122SDBSFC_1,6/13/2022,EPA 3052M,9/15/2022,1,360,0.36,0.36,DNQ,Detected Not Quantifiable,0.21,0.62,1,None,None: None - No QA Qualifier,COM,Compliant,,,FALSE,TRUE,251,256,mm,Field,225,g,Field,0,#N/A,LAB
8/16/2022,8,2022,907P2BAxx,San Diego River,San Diego River_Bluegill,SWB_Realign_RWB9_2022,Statewide BMP Realignment RWB9 Study 2022,BMP_Realign_RWB9_21,SWAMP BMP Realignment San Diego Region Study_2021,TI,MPSL-DFW,FHAB also collected,MidChannelShock1,Composite,9:00,Shock,1,Perm,32.767539,-117.160904,WGS84,FALSE,9,USEPA RaftShocker generator on any MPSL-DFG vessel,NA,,907P2BAxxRLN22BGL01-01,Bluegill,Lepomis macrochirus,NR,1,C2504,TRUE,RLN22_C2504_C,whole organism,"Skin on, Scales On",37.6,g,,C1_907P2BAxxRLN22BGL,1,normal,305.05,g,MPSL-DFW,Fish,"3 fish, does not meet 75% rule; 58.28g Arc1, 55.34g Arc2(PFAS), 63.74g Arc3",tissue,EPA 200.8M,90,Selenium,Total,ug/g ww,Selenium; Total; tissue; ug/g ww,MPSL-DFW_2023Dig15_T_TM,4/4/2023,C122SDRBGL,C122SDRBGL_2,8/16/2022,EPA 3052M,3/29/2023,2,820,0.82,0.82,=,Equal To,0.21,0.64,1,None,None: None - No QA Qualifier,COM,Compliant,,RPD 5.03,FALSE,TRUE,126,135,mm,Field,40,g,Field,0,#N/A,LAB
8/16/2022,8,2022,907P2BAxx,San Diego River,San Diego River_Bluegill,SWB_Realign_RWB9_2022,Statewide BMP Realignment RWB9 Study 2022,BMP_Realign_RWB9_21,SWAMP BMP Realignment San Diego Region Study_2021,TI,MPSL-DFW,FHAB also collected,MidChannelShock1,Composite,9:00,Shock,1,Perm,32.767539,-117.160904,WGS84,FALSE,9,USEPA RaftShocker generator on any MPSL-DFG vessel,NA,,907P2BAxxRLN22BGL01-01,Bluegill,Lepomis macrochirus,NR,1,C2504,TRUE,RLN22_C2504_C,whole organism,"Skin on, Scales On",37.6,g,,C1_907P2BAxxRLN22BGL,1,normal,305.05,g,MPSL-DFW,Fish,"3 fish, does not meet 75% rule; 58.28g Arc1, 55.34g Arc2(PFAS), 63.74g Arc3",tissue,EPA 200.8M,90,Selenium,Total,ug/g ww,Selenium; Total; tissue; ug/g ww,MPSL-DFW_2023Dig15_T_TM,4/4/2023,C122SDRBGL,C122SDRBGL_1,8/16/2022,EPA 3052M,3/29/2023,1,780,0.78,0.78,=,Equal To,0.21,0.64,1,None,None: None - No QA Qualifier,COM,Compliant,,,FALSE,TRUE,126,135,mm,Field,40,g,Field,0,#N/A,LAB
8/16/2022,8,2022,907P2BAxx,San Diego River,San Diego River_Largemouth Bass,SWB_Realign_RWB9_2022,Statewide BMP Realignment RWB9 Study 2022,BMP_Realign_RWB9_21,SWAMP BMP Realignment San Diego Region Study_2021,TI,MPSL-DFW,FHAB also collected,BankHook1,Composite,9:00,Hook,1,Perm,32.767539,-117.160904,WGS84,FALSE,9,Hook and Line,NA,,907P2BAxxRLN22LMB01-01,Largemouth Bass,Micropterus salmoides,NR,1,C2502,TRUE,RLN22_C2502_C,whole organism,"Skin on, Scales On",119.1,g,,C1_907P2BAxxRLN22LMB,1,normal,299.98,g,MPSL-DFW,Fish,"2 fish; 61.20g Arc1, 58.02g Arc2(PFAS), 59.19g Arc3",tissue,EPA 200.8M,90,Selenium,Total,ug/g ww,Selenium; Total; tissue; ug/g ww,MPSL-DFW_2023Dig15_T_TM,4/4/2023,C122SDRLMB,C122SDRLMB_1,8/16/2022,EPA 3052M,3/29/2023,1,670,0.67,0.67,=,Equal To,0.21,0.64,1,None,None: None - No QA Qualifier,COM,Compliant,,,FALSE,TRUE,336,357,mm,Field,730,g,Field,0,11,LAB
8/16/2022,8,2022,907P2BAxx,San Diego River,San Diego River_Brown Bullhead,SWB_Realign_RWB9_2022,Statewide BMP Realignment RWB9 Study 2022,BMP_Realign_RWB9_21,SWAMP BMP Realignment San Diego Region Study_2021,TI,MPSL-DFW,FHAB also collected,MidChannelShock1,Composite,9:00,Shock,1,Perm,32.767539,-117.160904,WGS84,FALSE,9,USEPA RaftShocker generator on any MPSL-DFG vessel,NA,,907P2BAxxRLN22BRB01-01,Brown Bullhead,Ameiurus nebulosus,NR,1,C2507,TRUE,RLN22_C2507_C,whole organism,"Skin on, Scales On",65,g,equal masses used instead of proportionial masses,C1_907P2BAxxRLN22BRB,1,normal,260.02,g,MPSL-DFW,Fish,"4 fish, does not meet 75% rule; equal masses used for parts instead of proportional masses; 54.58g Arc1, 58.91g Arc2(PFAS), 47.07g Arc3",tissue,EPA 200.8M,90,Selenium,Total,ug/g ww,Selenium; Total; tissue; ug/g ww,MPSL-DFW_2023Dig15_T_TM,4/4/2023,C122SDRBRB,C122SDRBRB_1,8/16/2022,EPA 3052M,3/29/2023,1,390,0.39,0.39,DNQ,Detected Not Quantifiable,0.21,0.64,1,None,None: None - No QA Qualifier,COM,Compliant,,,FALSE,TRUE,-88,171,mm,Field,105,g,Field,0,#N/A,LAB
8/16/2022,8,2022,907P2BAxx,San Diego River,San Diego River_Common Carp Fillet (Skin Off),SWB_Realign_RWB9_2022,Statewide BMP Realignment RWB9 Study 2022,BMP_Realign_RWB9_21,SWAMP BMP Realignment San Diego Region Study_2021,TI,MPSL-DFW,FHAB also collected,MidChannelShock1,Composite,9:00,Shock,1,Perm,32.767539,-117.160904,WGS84,FALSE,9,USEPA RaftShocker generator on any MPSL-DFG vessel,NA,,907P2BAxxRLN22CAR01-01,Common Carp Fillet (Skin Off),Cyprinus carpio,NR,1,C2511,TRUE,RLN22_C2511_C,fillet,Skin off,190.62,g,,C1_907P2BAxxRLN22CAR,1,normal,381.24,g,MPSL-DFW,Fish,"2 fish; 63.32g Arc1, 62.80g Arc2(PFAS), 64.36g Arc3",tissue,EPA 200.8M,90,Selenium,Total,ug/g ww,Selenium; Total; tissue; ug/g ww,MPSL-DFW_2023Dig15_T_TM,4/4/2023,C122SDRCAR,C122SDRCAR_1,8/16/2022,EPA 3052M,3/29/2023,1,680,0.68,0.68,=,Equal To,0.21,0.64,1,None,None: None - No QA Qualifier,COM,Compliant,,,FALSE,TRUE,522,581,mm,Field,2580,g,Field,0,#N/A,LAB
8/16/2022,8,2022,907P2BAxx,San Diego River,San Diego River_Common Carp Liver,SWB_Realign_RWB9_2022,Statewide BMP Realignment RWB9 Study 2022,BMP_Realign_RWB9_21,SWAMP BMP Realignment San Diego Region Study_2021,TI,MPSL-DFW,FHAB also collected,MidChannelShock1,Composite,9:00,Shock,1,Perm,32.767539,-117.160904,WGS84,FALSE,9,USEPA RaftShocker generator on any MPSL-DFG vessel,NA,,907P2BAxxRLN22CAR01-01,Common Carp Liver,Cyprinus carpio,NR,1,C2511,TRUE,RLN22_C2511_L,liver,None,13.71,g,,L_907P2BAxxRLN22CAR,1,normal,34.06,g,MPSL-DFW,Fish,2 fish; insufficient tissue no archives created,tissue,EPA 200.8M,90,Selenium,Total,ug/g ww,Selenium; Total; tissue; ug/g ww,MPSL-DFW_2023Dig26_T_TM,5/10/2023,L22SDRCAR,L22SDRCAR_2,8/16/2022,EPA 3052M,5/1/2023,2,4420,4.42,4.42,=,Equal To,0.21,0.64,1,None,None: None - No QA Qualifier,COM,Compliant,,RPD 3.69,FALSE,TRUE,522,581,mm,Field,2580,g,Field,0,#N/A,LAB
8/16/2022,8,2022,907P2BAxx,San Diego River,San Diego River_Common Carp Liver,SWB_Realign_RWB9_2022,Statewide BMP Realignment RWB9 Study 2022,BMP_Realign_RWB9_21,SWAMP BMP Realignment San Diego Region Study_2021,TI,MPSL-DFW,FHAB also collected,MidChannelShock1,Composite,9:00,Shock,1,Perm,32.767539,-117.160904,WGS84,FALSE,9,USEPA RaftShocker generator on any MPSL-DFG vessel,NA,,907P2BAxxRLN22CAR01-01,Common Carp Liver,Cyprinus carpio,NR,1,C2511,TRUE,RLN22_C2511_L,liver,None,13.71,g,,L_907P2BAxxRLN22CAR,1,normal,34.06,g,MPSL-DFW,Fish,2 fish; insufficient tissue no archives created,tissue,EPA 200.8M,90,Selenium,Total,ug/g ww,Selenium; Total; tissue; ug/g ww,MPSL-DFW_2023Dig26_T_TM,5/10/2023,L22SDRCAR,L22SDRCAR_1,8/16/2022,EPA 3052M,5/1/2023,1,4260,4.26,4.26,=,Equal To,0.21,0.64,1,None,None: None - No QA Qualifier,COM,Compliant,,,FALSE,TRUE,522,581,mm,Field,2580,g,Field,0,#N/A,LAB
